file,meanB,meanG,meanR,standar_devB,standar_devG,standar_devR,skewness_B,skewness_G,skewness_R,class
nonsegar (1).jpg,98.17562866210938,38.000274658203125,30.094009399414062,13.033549820768997,18.664084571793992,16.263401460093082,17.491452194858578,25.516153820198024,24.16114700709515,2
nonsegar (10).jpg,116.67610168457031,44.59953308105469,42.83317565917969,13.671498661370793,18.393910646696813,17.862017892419505,15.582165005217846,23.366620016836887,22.50779084773856,2
nonsegar (100).jpg,141.45587158203125,64.58418273925781,57.181915283203125,9.283052010834183,19.022782796352175,16.241180940541515,8.704584211794828,18.559053288952605,17.0994561058548,2
nonsegar (11).jpg,97.30015563964844,31.71502685546875,28.14776611328125,7.876197979017703,12.31124071622806,11.550819581225888,11.600743420917984,17.259523606711145,17.09503348035463,2
nonsegar (12).jpg,124.87625122070312,70.66139221191406,55.74259948730469,6.590593232007175,13.864699905936222,15.667904430044047,8.04883522857016,15.452911224683621,17.425989796994877,2
nonsegar (13).jpg,83.41941833496094,21.36749267578125,21.590194702148438,9.084631220777492,9.52444149303994,9.55181156501304,9.09774450142112,12.623956315956221,12.431198503610709,2
nonsegar (14).jpg,111.87223815917969,41.96528625488281,41.87794494628906,8.650356228152935,14.175546069103198,14.195830967086435,12.807701915737848,19.350811289497194,19.17489898115562,2
nonsegar (15).jpg,108.75144958496094,38.553680419921875,37.712982177734375,8.530175322122332,11.394643838551467,11.78265854553043,10.559901775265034,16.23075235634267,15.652127318942162,2
nonsegar (16).jpg,99.69721984863281,39.83665466308594,33.87928771972656,9.692146168361441,15.100885705383021,13.047665608735663,13.20429216625298,18.428157205531665,17.583632942954132,2
nonsegar (17).jpg,99.24058532714844,30.975372314453125,29.150390625,6.651571505321125,12.717858736069536,11.22995701959118,8.742921781344945,18.55447718364762,15.114405948330077,2
nonsegar (18).jpg,95.15751647949219,32.13313293457031,31.900039672851562,9.461147936300096,12.680138416645434,12.286092198981072,12.583106682356213,17.489273180711407,16.656989478509338,2
nonsegar (19).jpg,98.50701904296875,40.982086181640625,35.47027587890625,14.777423140337515,20.967102793521477,19.26059821439185,19.361391522171253,27.852934586919883,26.89518407334249,2
nonsegar (2).jpg,98.26472473144531,31.7208251953125,26.8453369140625,12.768157769365052,18.395756927940344,16.761187713236907,8.880225702329206,21.24636482817027,20.724304939701227,2
nonsegar (20).jpg,86.09089660644531,29.226577758789062,23.819503784179688,6.007550294123963,9.096758511936851,7.373723230839347,7.772924999684766,11.160664692819166,10.85931619015692,2
nonsegar (21).jpg,100.44117736816406,33.7509765625,35.04844665527344,8.792719064676618,13.332081000802189,12.866728075689688,13.4117723603423,19.575582378487887,18.96251750176224,2
nonsegar (22).jpg,92.48963928222656,30.997909545898438,29.77862548828125,9.223303103864776,11.464811617294055,11.260718295414653,12.15351421954073,16.772868628771352,15.92670309829113,2
nonsegar (23).jpg,88.41432189941406,36.05340576171875,29.51654052734375,11.305422373116555,15.688880685705987,12.299494235219804,12.555741081178029,17.705539756267058,15.148895892032462,2
nonsegar (24).jpg,85.95794677734375,29.7928466796875,23.877487182617188,5.527902883212571,8.958794839840472,7.415171051819438,7.6740217819607635,11.435838145738954,11.06327454866088,2
nonsegar (25).jpg,96.86717224121094,30.222091674804688,29.843597412109375,8.18733854351605,11.865298807485303,11.096981039078736,12.468167135327324,18.094845697975142,17.34601101416998,2
nonsegar (26).jpg,85.44052124023438,31.455703735351562,26.76861572265625,9.12230080325712,12.77585950849421,10.519427021521656,11.932587729639229,16.6025790337034,15.188670752436213,2
nonsegar (27).jpg,75.88447570800781,21.085159301757812,19.89410400390625,7.948550115446489,8.596897262771286,8.446814774625961,9.409346861919836,12.55476394154382,12.040639678322739,2
nonsegar (28).jpg,68.67431640625,19.639450073242188,15.234512329101562,4.9394320558797755,6.3560456168992365,5.222281943647305,5.958572112634863,8.078290059572641,7.698323924649504,2
nonsegar (29).jpg,80.97662353515625,22.99139404296875,22.635467529296875,8.883841556261052,13.31872994301354,12.716545536600877,13.384879086414053,21.64415847628916,21.189707313576175,2
nonsegar (3).jpg,98.59571838378906,38.887176513671875,28.921371459960938,14.075257645454547,19.38308794422372,16.273427104802128,17.877131916406192,25.37172045222016,24.05624926992201,2
nonsegar (30).jpg,76.1849365234375,24.224807739257812,21.949996948242188,10.330521488033444,12.419409953168547,10.46703223138731,12.338062597942319,15.947120368935899,13.41041459739452,2
nonsegar (31).jpg,114.78620910644531,52.665313720703125,31.987777709960938,10.04524035942584,12.362606117495025,9.262919881013303,9.760074482286498,12.497010475769052,11.40143431258605,2
nonsegar (32).jpg,137.87200927734375,70.20100402832031,42.70677185058594,6.707517424932514,8.197132459544004,9.427750385717635,7.058957508021639,10.275209160407705,12.994984726494444,2
nonsegar (33).jpg,164.02032470703125,92.56842041015625,63.04551696777344,13.952332642746955,17.820267633246168,19.284286768493978,10.18471951823844,18.632774618753068,22.043352247060238,2
nonsegar (34).jpg,165.47567749023438,90.97749328613281,61.51066589355469,11.972866682183795,19.287309355212074,21.332682714906873,12.150365233955288,21.01670622243406,24.434569434147665,2
nonsegar (35).jpg,174.66033935546875,105.15834045410156,74.91421508789062,11.312797519916758,16.30152677212637,17.819174375416797,12.390238282225289,19.673416035300047,22.179928190993007,2
nonsegar (36).jpg,174.43756103515625,104.87367248535156,73.04774475097656,10.812799526590315,15.247558965964558,16.559474041217673,11.057746617030881,17.385826788500527,20.059434845765033,2
nonsegar (37).jpg,168.98704528808594,96.93067932128906,64.87014770507812,10.609819406775241,16.771070329295704,16.82986629084829,8.925258245892898,13.884576644408664,12.429472578405083,2
nonsegar (38).jpg,173.30001831054688,100.76141357421875,68.90377807617188,8.341583578747336,16.118455827574792,16.446085949257323,5.688096712128915,6.208815286529912,-6.233791510230942,2
nonsegar (39).jpg,175.20379638671875,102.42303466796875,68.91130065917969,8.862967139461945,16.834886036475055,15.76166666209437,6.564486392776005,10.81287379989542,7.861274681147982,2
nonsegar (4).jpg,127.91635131835938,70.73062133789062,50.87358093261719,9.210912185483302,16.983475851017754,13.0482266901479,8.507449884671773,8.328901613754741,13.721262286932266,2
nonsegar (40).jpg,141.1669464111328,73.52801513671875,41.0347900390625,8.964009219834104,13.083612529124778,14.86386932081903,4.394154536605291,9.769948569220212,11.06509161051889,2
nonsegar (41).jpg,161.35650634765625,89.12875366210938,56.99235534667969,8.019586034059024,11.863306058969831,12.657330906068662,4.390773851128285,9.26333861967525,7.888001627001012,2
nonsegar (42).jpg,186.1031036376953,124.40946960449219,90.40504455566406,8.842148990255172,15.41685130782188,14.846589516787928,9.002150375126549,13.294735417742457,16.452603682235274,2
nonsegar (43).jpg,161.91244506835938,92.22677612304688,62.53765869140625,12.533390224153182,17.00222119944967,18.192328921246474,8.67773510664381,10.147330941723819,11.512084814245775,2
nonsegar (44).jpg,139.29864501953125,64.66850280761719,34.319488525390625,7.051436863214683,11.10267935607902,12.44852839539879,8.412258720320123,14.786402628423652,17.333468247135748,2
nonsegar (45).jpg,178.47222900390625,108.48017883300781,78.536376953125,5.615431663364499,11.097067239175953,10.541398518372253,6.767694458482343,9.89694403872739,10.934917071273343,2
nonsegar (46).jpg,163.84312438964844,99.51652526855469,68.66744995117188,6.219819908662721,11.751288227730708,12.993063854094881,5.542392188872916,10.750982195701841,12.603821509707622,2
nonsegar (47).jpg,141.93392944335938,73.57870483398438,47.68061828613281,11.355887259612503,16.44821086787817,19.197510343841515,14.954390484783254,22.062121792294747,25.108159372069977,2
nonsegar (48).jpg,131.690185546875,62.38194274902344,46.21702575683594,6.762991972107545,10.293195258899717,8.707673718253636,4.603559436579517,6.307591894593588,8.254961633460107,2
nonsegar (49).jpg,119.53878784179688,49.25422668457031,34.53550720214844,4.533450774327501,9.36684486544333,7.725556619327784,5.038301588625382,10.019095014321044,10.072343785882543,2
nonsegar (5).jpg,104.15859985351562,28.848892211914062,24.4849853515625,8.147496943112488,14.59198213682764,12.804694188519466,8.892760446007577,18.688200177294803,16.09006222476286,2
nonsegar (50).jpg,125.61494445800781,56.08796691894531,38.33697509765625,7.317596092724768,11.416253286068905,8.490476988517425,6.068294296382091,7.751096870901753,7.585483996491921,2
nonsegar (51).jpg,120.97657775878906,50.09379577636719,35.08467102050781,4.564538030172396,8.676215162989223,7.212443090582256,4.149300533075779,8.495418353825945,8.875220797392616,2
nonsegar (52).jpg,126.29011535644531,57.618133544921875,40.08384704589844,4.27290729673346,7.342340508536672,7.433274818765451,5.179992604427217,9.67131182703242,10.392649448769276,2
nonsegar (53).jpg,124.54029846191406,46.79205322265625,31.940658569335938,6.038020876274505,7.660699143057936,5.397126148241898,-3.5080486493750853,2.2732707935636203,5.041739300104969,2
nonsegar (54).jpg,124.90687561035156,47.852325439453125,32.361083984375,4.736096824007394,6.276101266469478,4.765483009849618,-3.106971176315977,2.78031484398829,5.2719055823488405,2
nonsegar (55).jpg,123.03611755371094,50.833526611328125,34.30549621582031,4.09618231532727,10.3095490090993,9.257132309749354,3.994121912732313,12.328902571720564,12.090368146826513,2
nonsegar (56).jpg,120.87149047851562,43.072479248046875,29.888214111328125,6.002043938981618,8.439409256253667,6.488897444705559,4.247442982053257,7.437034926411549,6.3165016912134035,2
nonsegar (57).jpg,126.51902770996094,49.71907043457031,33.992431640625,6.389796745453393,8.597572663449313,6.5933707566600654,2.230021751540813,5.96541207053257,7.400473031313104,2
nonsegar (58).jpg,117.26925659179688,43.474517822265625,28.029159545898438,7.298556812948464,11.380166991581193,7.7526371325484424,5.8544476326912465,9.35598086719286,6.128312349844585,2
nonsegar (59).jpg,117.30096435546875,44.32623291015625,28.310546875,6.9043184549838825,10.720831854970477,7.620445767477672,5.419705879955893,8.569584619308683,6.646524050415935,2
nonsegar (6).jpg,103.60902404785156,31.6497802734375,27.533889770507812,14.242364824635187,21.51904863829773,19.271817902133318,16.350633038440055,29.29044755589031,28.86103401253906,2
nonsegar (60).jpg,131.85223388671875,63.60871887207031,42.91767883300781,9.329113805422022,13.472588509427421,10.666160563203395,5.75217163112977,7.717649517022287,8.581749237653383,2
nonsegar (61).jpg,134.83692932128906,58.04078674316406,38.82127380371094,5.587300783783823,9.321216146532121,7.513059898052257,-4.1852905299449406,6.793150365318486,8.69954268675845,2
nonsegar (62).jpg,134.55487060546875,69.67808532714844,46.603790283203125,9.792851643837865,14.657951892493736,14.248858499680228,5.850874946950409,13.859858457327894,18.154870618076938,2
nonsegar (63).jpg,118.86027526855469,47.01739501953125,31.754058837890625,4.505008098894188,7.645733938748041,5.556296906039268,-2.1624562927262985,-3.4637581607921852,1.5877333607253465,2
nonsegar (64).jpg,120.86895751953125,49.96971130371094,31.463058471679688,11.138296762638777,16.113296343240027,11.71893526192097,8.401495236714716,12.563550803058325,11.670850998411577,2
nonsegar (65).jpg,112.20420837402344,37.45518493652344,30.1026611328125,12.804869869412805,21.683350752640578,18.361137422014217,17.803317803899176,26.741345510003892,25.62801153732114,2
nonsegar (66).jpg,75.14776611328125,19.780853271484375,17.803024291992188,10.451384145491215,9.325512791407721,7.702921207316019,10.552091088436004,13.821270032869077,11.926820590332106,2
nonsegar (67).jpg,106.7943115234375,36.02691650390625,26.813217163085938,10.871877160939711,17.830601119783736,16.649619135945112,14.567037753135146,22.89810535579215,22.884582720737047,2
nonsegar (68).jpg,149.98338317871094,95.37820434570312,66.22149658203125,9.161893412273022,25.57447436051504,32.307458777088755,11.352682149802753,26.07896778239018,32.341920426811335,2
nonsegar (69).jpg,109.52107238769531,35.52069091796875,28.243133544921875,13.02836384395871,21.244906883014217,17.89230934607335,18.470111461659435,27.043035658725447,25.895715974146142,2
nonsegar (7).jpg,96.12588500976562,34.98799133300781,27.716598510742188,13.352972383337566,19.202761685586804,16.805179353482735,17.76922561115457,25.536097337995976,23.94039666341662,2
nonsegar (70).jpg,91.93434143066406,31.326126098632812,26.54241943359375,12.991424356049357,14.28481962004984,12.500363809387478,14.70336083724843,21.761606441244716,20.749196493102755,2
nonsegar (71).jpg,75.71693420410156,20.132217407226562,18.453659057617188,8.692154854014564,9.920128826540306,9.04276479804934,10.183451807025842,14.757191212531621,13.831387315237981,2
nonsegar (72).jpg,112.60043334960938,31.8292236328125,24.073440551757812,11.240642095730896,17.76764872716098,15.613374352080625,16.30877767510451,24.42677995596,23.84226134942991,2
nonsegar (73).jpg,109.77934265136719,37.80322265625,28.166488647460938,15.34280626258613,22.817937453761758,18.39656905751406,19.662619205763917,28.06650653392199,26.96988722108924,2
nonsegar (74).jpg,102.77876281738281,30.417572021484375,22.448013305664062,10.914941358344437,16.47056160171881,14.7025909846175,15.166801843167518,22.896417640529492,22.651264420234842,2
nonsegar (75).jpg,95.05880737304688,26.804290771484375,24.148162841796875,12.900644399462802,11.623628159455208,9.159870013856539,13.093329964626394,15.935030435565219,14.105977582201731,2
nonsegar (76).jpg,108.83758544921875,44.506103515625,36.11256408691406,12.633685312304369,17.548028731355327,16.153224930019817,15.174253180614999,23.85261073877772,22.94617117321441,2
nonsegar (77).jpg,125.4864501953125,59.899078369140625,40.73274230957031,17.47237721584315,26.103486471859156,25.54370261192983,19.717616620896298,30.718537542398682,33.582933432573704,2
nonsegar (78).jpg,168.26075744628906,97.79428100585938,64.32864379882812,6.084371433815862,19.11506444479466,22.76630585893276,7.3917366878908535,20.460196275049963,24.126987017394693,2
nonsegar (79).jpg,85.0079345703125,27.030914306640625,21.507965087890625,11.390101123138825,17.34320160644784,14.179167648347805,15.733516853384923,23.306703847433447,20.47000619989777,2
nonsegar (8).jpg,128.53298950195312,76.36727905273438,51.967010498046875,8.24702971348501,13.000645309395368,15.116751788726956,8.134201129528341,15.478268372623663,16.123934467031365,2
nonsegar (80).jpg,92.85528564453125,31.886154174804688,26.407669067382812,13.458236820688196,14.201693708553291,11.387394320604892,13.322146505822635,18.22449388422071,17.100145417753602,2
nonsegar (81).jpg,119.36712646484375,43.4918212890625,31.328994750976562,18.398030672110977,22.477644471335985,17.448508905214602,11.46352196170297,24.56764322823164,23.028274808642774,2
nonsegar (82).jpg,100.59068298339844,30.710540771484375,21.98211669921875,12.143136573980154,16.513666658242755,14.879248794529456,11.449240560634959,20.323995883644116,19.937086860476747,2
nonsegar (83).jpg,108.78338623046875,37.03636169433594,28.987686157226562,11.422380604329465,17.399887308252325,15.502464375511485,14.713543079366861,21.44038293122508,21.514336762127066,2
nonsegar (84).jpg,104.66105651855469,30.722320556640625,22.819534301757812,10.211523307458517,15.783709000432356,13.85624493008196,13.707382099358016,20.632887501487925,20.10980491717299,2
nonsegar (85).jpg,115.6954345703125,48.881805419921875,38.58598327636719,12.943616738156058,22.919532483238495,20.061250160426994,18.397345069253284,28.227715127244476,28.203497217399953,2
nonsegar (86).jpg,158.6107940673828,93.60929870605469,61.452972412109375,7.727594806976143,25.314408171400046,32.29346395233473,9.863351362255484,28.193079383972012,36.48419260174404,2
nonsegar (87).jpg,108.91098022460938,32.52178955078125,26.136672973632812,10.012907211751834,20.895944245447158,16.74435048047331,16.40449197314715,26.88520653742368,25.934305863838073,2
nonsegar (88).jpg,105.39411926269531,33.6092529296875,24.994140625,11.316902639999066,17.517772151192762,16.166576044411997,15.9671045564441,24.021089089729067,24.0625083333102,2
nonsegar (89).jpg,114.85368347167969,46.67720031738281,37.387115478515625,13.100408259900886,22.460398829381084,20.416324531555087,18.818896313515573,29.217082613519725,29.091773998157528,2
nonsegar (9).jpg,105.42068481445312,35.155181884765625,26.330764770507812,12.202610899453077,17.81523579261056,15.730237890613793,16.88051132955053,25.575425196851352,24.919894541169654,2
nonsegar (90).jpg,90.71014404296875,32.13899230957031,26.357315063476562,13.062459054539358,14.853657733259698,12.777518552690818,14.447431836771877,20.57076576363009,19.3634975669652,2
nonsegar (91).jpg,114.963623046875,52.962432861328125,37.86613464355469,15.339647927623803,23.917558060620213,22.437136370071723,21.64853670295291,32.19141921801012,33.767012577379056,2
nonsegar (92).jpg,96.21221923828125,40.620452880859375,32.30805969238281,14.181329781162654,17.368678042480276,15.36948579128867,17.16224136267894,24.599443043394874,24.428330935274623,2
nonsegar (93).jpg,148.7648468017578,90.36506652832031,60.1651611328125,10.168929175478386,27.400137390936653,34.99142749891087,12.613589235671592,30.422027980443687,38.70028888736888,2
nonsegar (94).jpg,97.72906494140625,33.057464599609375,23.447418212890625,9.528862147335905,14.13653989049835,12.866322263312028,10.525158764858828,17.765239016313682,17.635760500893554,2
nonsegar (95).jpg,136.5123748779297,73.59675598144531,56.98722839355469,11.014313117231936,20.843253100307834,16.252964305839384,9.088876720080552,16.779715203795124,15.866896815904889,2
nonsegar (96).jpg,129.35328674316406,56.74598693847656,49.74882507324219,9.267990640545412,17.8077169618918,15.240465734344305,9.420389338856783,18.22328887008407,16.992639148341087,2
nonsegar (97).jpg,123.81549072265625,46.31074523925781,39.87596130371094,9.034359017108606,20.494765445422402,19.11267597900882,9.162363115497698,18.745533732050333,17.127667751998146,2
nonsegar (98).jpg,142.9084930419922,86.4639892578125,59.34782409667969,6.774667646157557,12.592261450640661,16.34498062301434,5.415160307703268,13.247978356773379,10.75671636521875,2
nonsegar (99).jpg,143.4946746826172,88.18972778320312,61.44599914550781,6.80859951128404,12.98777367707918,16.493623780468024,5.641007413953262,13.89739711767209,12.634899680073614,2
segar (1).jpg,123.56544494628906,65.45260620117188,44.6737060546875,8.316819346892716,13.790513598210982,15.022851718803546,11.756928304104406,20.186523681113997,22.435281019792168,1
segar (10).jpg,155.5129852294922,92.48049926757812,65.38887023925781,11.37345117748124,17.791386488916412,19.802301478076256,10.522245261781821,17.32550092263751,20.478343338221375,1
segar (100).jpg,145.5513916015625,79.35908508300781,53.063262939453125,11.610078756300819,17.026151692983863,18.09284244533356,12.722655632191335,19.904818916782066,21.506695038680633,1
segar (11).jpg,189.4263916015625,129.15673828125,104.00433349609375,15.114911667094521,26.196882870388656,23.659928519522975,12.053793619729863,20.011261100521626,20.250122559828057,1
segar (12).jpg,154.6617889404297,61.40431213378906,54.18743896484375,6.6980565134600525,5.657674120117515,4.671328713220501,3.7961617302391493,5.033441642020293,3.6662010353241627,1
segar (13).jpg,113.694091796875,43.58833312988281,36.3719482421875,10.28488486540799,4.967783538315224,3.810893515692367,12.168656491779045,5.724906942461115,-1.7906608397058474,1
segar (14).jpg,134.70558166503906,83.70635986328125,68.30023193359375,9.695559744394584,10.066324539171202,8.011661266853496,-4.712173588972585,2.983031504818289,5.704040234947443,1
segar (15).jpg,91.35771179199219,24.16033935546875,22.467849731445312,11.916116089958907,6.531615796580104,4.1580049810855035,15.0930845704101,8.888514310670514,4.911747616991429,1
segar (16).jpg,150.21185302734375,86.27313232421875,54.80467224121094,11.75096784303022,15.951242988678265,13.931737204470226,9.096458394287946,15.620192000411581,16.676839162320174,1
segar (17).jpg,145.95445251464844,84.622802734375,51.14616394042969,10.57885562293181,12.949280427121304,9.121583812797274,8.749007036877286,12.751863257176302,9.214143740085312,1
segar (18).jpg,119.91496276855469,52.07389831542969,32.08598327636719,6.2714975590472255,8.952979375501561,10.733582124384744,7.135280163511527,9.893523225105367,11.734824087017484,1
segar (19).jpg,143.06640625,81.57894897460938,50.65815734863281,8.26633108544884,9.505341899572445,7.424395849733646,6.998602474601341,8.485982166334606,6.792853972059063,1
segar (2).jpg,153.4508819580078,87.93023681640625,61.49974060058594,13.052624276515752,19.509784705637433,18.725628690502944,13.084385379301557,21.548463597223353,22.128260576112552,1
segar (20).jpg,121.97982788085938,50.73600769042969,31.231292724609375,5.284642800693522,8.314764572225869,9.845349622696032,7.441330883389958,10.969028109330624,12.145432465849192,1
segar (21).jpg,155.84364318847656,84.70465087890625,56.38520812988281,10.677679044116747,14.76749596612641,12.872962817607613,4.671862687227741,10.008470512901434,11.279226106011285,1
segar (22).jpg,160.23297119140625,89.54019165039062,51.36277770996094,13.625730720089717,18.83078549310912,14.83111096365216,7.06076850051999,14.376811342275879,14.521202512688903,1
segar (23).jpg,153.47552490234375,87.83944702148438,57.42474365234375,6.404323669440364,8.225980679619932,9.022964709351353,6.10701920064757,8.666252992102457,11.142045073043633,1
segar (24).jpg,141.0264129638672,83.78152465820312,51.32476806640625,4.874560650962306,8.645933423596386,9.932927558024604,5.079651542194214,9.434007101627703,10.472158707706594,1
segar (25).jpg,164.3095245361328,99.21742248535156,65.88616943359375,8.854659975253261,12.52866643788903,13.32267025960983,6.703056611261625,12.621401378158765,16.329080754381845,1
segar (26).jpg,121.20266723632812,59.31108093261719,27.6275634765625,4.272470064752911,3.79261067967961,4.606668911250817,-2.275333828113915,3.1777738985476565,3.754892084942964,1
segar (27).jpg,138.92625427246094,64.25117492675781,37.73638916015625,8.155915667255313,9.883958377192139,10.067578556297748,8.743383316917216,11.472217327115759,12.3801904276734,1
segar (28).jpg,152.86322021484375,83.62910461425781,53.19940185546875,7.1466761683468185,7.78155947969797,8.379280673955625,5.56869366651868,5.695368882396927,8.220787652196877,1
segar (29).jpg,149.85121154785156,78.45750427246094,42.583465576171875,5.572298367032569,10.446241288262208,11.716976065798741,5.404553685375924,9.484471048648453,14.074482714990806,1
segar (3).jpg,109.06375122070312,54.91839599609375,35.697906494140625,6.762689767484079,9.605958473710775,10.185204484575841,7.929972717460587,11.653822141995427,13.459731225909204,1
segar (30).jpg,116.56120300292969,55.2230224609375,35.82234191894531,3.262194750903602,5.534273074432281,7.1707797695715705,3.0915955347729733,5.114212979614978,6.433549786382154,1
segar (31).jpg,97.07601928710938,31.4193115234375,31.551864624023438,9.832770159889131,11.95136151675302,10.699715549675984,-5.9489110575426185,13.36954075703412,14.22773968476164,1
segar (32).jpg,105.908203125,41.23345947265625,39.590576171875,8.633642980062225,14.686411232744483,13.454836620212811,10.343746046946011,16.359245430679337,15.426866774663203,1
segar (33).jpg,135.9124298095703,82.33200073242188,58.409820556640625,3.799816477865615,6.965874818591037,8.99496407187508,2.2752591887869626,5.532054273134512,7.361817295769211,1
segar (34).jpg,130.05801391601562,75.6807861328125,42.755859375,3.412742502372785,8.421706542097864,8.888377892853235,4.7413551954537345,8.898583966482935,10.096483310503507,1
segar (35).jpg,126.05809020996094,59.638916015625,41.965728759765625,3.26414311699853,6.22227163137912,7.42481132991453,1.802823889002942,-4.518371383209504,-1.7412840037678867,1
segar (36).jpg,133.8235626220703,60.87196350097656,36.73103332519531,4.712263453851581,7.134594953877507,8.454375777906696,5.474734436988725,8.57422798721202,10.831015616403826,1
segar (37).jpg,152.1572265625,82.34074401855469,49.60411071777344,7.290634394646587,8.485962750442942,8.950064966891006,5.123243973895781,6.848127443782349,9.200603842992745,1
segar (38).jpg,178.1362762451172,115.30433654785156,77.45683288574219,6.887656935942972,12.053747613756878,11.685950113588449,-4.007145477156569,-6.472466943179291,-5.117850478180065,1
segar (39).jpg,171.7943115234375,102.60316467285156,63.287750244140625,11.69399424203042,16.599217896776054,13.897266896392798,3.426861107793468,9.992795483423281,9.727108801541641,1
segar (4).jpg,122.17915344238281,64.57090759277344,42.77777099609375,9.109208798126842,10.470956865991711,10.09754174922019,9.724119722127915,13.84351191276761,13.775407268686664,1
segar (40).jpg,125.37284851074219,60.41754150390625,32.012420654296875,8.224047394419278,7.648581533420107,8.992241706765544,3.3301114403492083,8.83717050025661,9.916857583178619,1
segar (41).jpg,162.99081420898438,80.9508056640625,52.45121765136719,6.856672203567917,9.207256969036662,11.260401036949377,6.1671978600012896,8.942676672933821,11.829954388997692,1
segar (42).jpg,171.6961212158203,109.37905883789062,69.10298156738281,5.77716184373479,12.226301302839204,12.795421387866382,5.22689483604874,12.953302965340107,13.330541166437419,1
segar (43).jpg,207.2841796875,137.7500762939453,90.92829895019531,9.597211430775571,13.259802017470664,13.61797078747919,5.715084978730542,9.146249208281787,10.658647992785996,1
segar (44).jpg,149.94805908203125,80.594482421875,44.22370910644531,8.605185212500146,5.26802234240532,7.0420221311534075,-6.016692445367019,5.315447914976898,7.777341428308081,1
segar (45).jpg,115.57804870605469,54.905059814453125,32.705841064453125,4.050234603432567,5.580579929317064,7.222172657426905,1.7236723018320583,3.1669545019250034,6.556987376211121,1
segar (46).jpg,146.2506866455078,91.20500183105469,70.00143432617188,5.86839471016723,10.801028337193907,10.137863363523602,-2.6478932508850974,4.448183804020758,5.8225174675174785,1
segar (47).jpg,137.29864501953125,81.28875732421875,54.291015625,4.483743626063192,8.632789129985056,10.244567734184919,5.309840880565896,9.804794711350166,12.223713404580591,1
segar (48).jpg,135.85421752929688,82.34019470214844,49.85118103027344,5.126650949837532,12.041037237102715,12.483577816350035,5.062196637417601,10.012479003735605,11.904736804621113,1
segar (49).jpg,84.72048950195312,27.260345458984375,24.267822265625,6.244418805258498,9.312132950914192,7.492877053360068,-4.2620384140305125,8.610835264647552,6.266293467652989,1
segar (5).jpg,158.54977416992188,99.81129455566406,73.88389587402344,18.629750975495128,22.319422836146018,19.658142314589192,9.53140456366026,16.586105993105136,18.207158634613176,1
segar (50).jpg,92.11979675292969,45.81816101074219,41.489105224609375,11.860805967386673,14.77550617248948,13.386685250547597,-8.352717281814774,-12.712276025392546,-11.372783772437822,1
segar (51).jpg,110.35740661621094,35.699737548828125,33.10919189453125,9.297189681541182,13.509012921264848,12.26674993771641,-6.572930115640478,10.449710105123865,13.448770993842126,1
segar (52).jpg,130.81622314453125,44.30390930175781,39.682403564453125,6.114027000680506,11.392322162255146,8.290048712197793,7.741462261186871,14.030051564771412,10.352473988900455,1
segar (53).jpg,90.35122680664062,37.35029602050781,30.859298706054688,7.612267502980807,9.110652359935722,8.90124036171009,-5.283867214661861,1.502294258156497,6.284866404532211,1
segar (54).jpg,80.73353576660156,27.261077880859375,24.081222534179688,6.2853125163773935,8.303534430786144,7.313445881969464,2.3932228154001702,6.9272058518148,6.139697081059276,1
segar (55).jpg,87.17263793945312,41.68348693847656,39.62327575683594,11.15041835280823,14.868818043942742,13.722302122774956,7.378390538686491,11.411019041071826,9.784233648225824,1
segar (56).jpg,173.8679962158203,112.07418823242188,77.14340209960938,13.917580660495268,21.81335667781178,21.77238778636507,8.971235786071501,19.275961149229786,22.105579002674986,1
segar (57).jpg,142.5381317138672,73.42877197265625,45.30241394042969,3.711962664414464,5.675238848889872,9.013649197657877,4.175164376127485,6.647729849052055,9.497517630749787,1
segar (58).jpg,95.80186462402344,37.16670227050781,37.08415222167969,9.768493494449743,14.856381230241803,14.734032681610492,12.381209706328175,19.976993293724654,20.74020678263802,1
segar (59).jpg,157.99082946777344,93.01618957519531,62.810577392578125,21.59749392647833,31.26290891160687,26.93158460705369,-9.050360061188492,22.039098373313173,27.738287639729005,1
segar (6).jpg,120.58206176757812,62.48573303222656,39.45079040527344,6.858679438473521,8.039275708938815,7.339648641816453,6.252557415218668,9.89332701310923,9.718349782153568,1
segar (60).jpg,128.69293212890625,45.84767150878906,40.78199768066406,20.28598501030125,23.387671088541598,16.94975232907798,19.082223782553147,24.550051742005486,15.871664745815165,1
segar (61).jpg,95.988037109375,33.19024658203125,31.877044677734375,12.125385472472402,14.935021616695117,12.932516699772648,10.68148545575053,16.141070789748984,16.200470510771133,1
segar (62).jpg,100.69783020019531,46.35069274902344,45.48725891113281,13.31262214508871,21.04135964578438,21.056191737049435,15.634028847026359,27.34693557321544,28.312731845240194,1
segar (63).jpg,81.19525146484375,21.660629272460938,19.011947631835938,8.954464104712562,11.433277492615877,8.537242884419424,7.647021119385051,9.742373191071144,7.736676411006516,1
segar (64).jpg,116.84916687011719,51.99113464355469,40.18995666503906,6.630944247099404,7.283613326503914,6.188198140504991,5.6020854526326715,7.821834424304885,6.268412550659726,1
segar (65).jpg,184.5803985595703,122.13235473632812,83.89576721191406,11.617931147909102,20.148580615698148,20.242775082013953,10.575573687207036,16.65309327876055,18.20710150862297,1
segar (66).jpg,142.0349578857422,86.16690063476562,60.30303955078125,15.426324253450387,22.462153649432036,23.87784567750263,21.081344766022298,28.129808372007265,29.57621957672909,1
segar (67).jpg,162.632568359375,93.11891174316406,67.37727355957031,8.670124265573318,10.955210494320808,6.020347313528262,6.401685220035057,10.359557282410382,5.4851693447338095,1
segar (68).jpg,123.44316101074219,67.07186889648438,48.779754638671875,7.356793472596657,10.401832167921608,11.06488113446665,8.157326657962164,11.26339872296768,11.753144032910253,1
segar (69).jpg,152.1306610107422,87.75253295898438,60.9927978515625,10.416843207153512,16.423796689867277,18.453106229725723,10.39933098955993,17.622550526007508,20.62475302303987,1
segar (7).jpg,125.84104919433594,67.62144470214844,47.66813659667969,9.194191674350664,13.634576030732884,16.28918488733679,9.557647862807865,15.267127056732196,18.38619145216705,1
segar (70).jpg,150.19239807128906,81.54159545898438,58.558197021484375,6.646703390821851,11.952347944244757,13.168456029483501,6.91053653911798,13.797563654424724,16.00512573936558,1
segar (71).jpg,178.28482055664062,124.80685424804688,89.12858581542969,9.313990563623356,15.124603095313546,16.61072330309362,6.5741579593637285,10.203678276809484,11.981121827556018,1
segar (72).jpg,118.60661315917969,77.00759887695312,66.35423278808594,7.948001762893715,11.312516331619717,11.14600608410753,9.073172907847665,10.449514981869703,9.909643240136631,1
segar (73).jpg,118.62345886230469,70.40542602539062,65.34861755371094,12.060797912585414,14.985503162420164,14.518081511578261,6.653043918188225,11.852445220735158,12.222761411343864,1
segar (74).jpg,171.54244995117188,102.37223815917969,67.98765563964844,5.134964208782144,10.469451243207793,10.405543957587751,5.5636187921777465,10.96221021109649,13.440503356359116,1
segar (75).jpg,102.65299987792969,48.80975341796875,30.440521240234375,5.921789801683461,8.120243504838335,8.206374125690871,8.99484118783918,11.720888257170188,11.852293498431646,1
segar (76).jpg,143.66824340820312,84.68609619140625,61.48893737792969,22.706925730666804,25.515101840252992,21.116831259278605,15.516236386701607,20.856641233631326,19.52058723405719,1
segar (77).jpg,129.05833435058594,70.65762329101562,61.65968322753906,16.266251633253283,19.674109468154494,14.740635328238874,14.850695375674777,17.904994557081388,12.839834226124312,1
segar (78).jpg,116.26420593261719,70.12928771972656,60.49562072753906,10.745501104185541,12.195130789925111,11.36750478988879,-6.043153313666032,6.392686802160697,8.114862991148053,1
segar (79).jpg,104.61439514160156,55.3609619140625,34.09259033203125,5.098511332174553,5.3686700283728985,4.8768810252374,4.061254455179264,4.359377270019711,5.0796565628904435,1
segar (8).jpg,116.35527038574219,55.035980224609375,35.143707275390625,8.91528910102036,12.613356349598337,13.169295235073555,15.132214523975017,20.924618948239278,21.408396573329348,1
segar (80).jpg,142.46275329589844,59.33241271972656,54.888580322265625,19.07948185406911,27.711739054018636,25.19662799785031,20.168227839252044,31.284166493888595,28.628877209620583,1
segar (81).jpg,118.86550903320312,68.43666076660156,50.98085021972656,8.819127913819981,10.610724755676742,10.909000933941467,8.53731793585865,10.285803345966581,10.517324859903749,1
segar (82).jpg,120.92552185058594,61.0303955078125,39.3226318359375,7.12400138645995,9.724213330259765,8.64676321910052,10.18751768009932,14.55051549317779,14.625142333826574,1
segar (83).jpg,114.38299560546875,66.44627380371094,66.52369689941406,7.597352791881961,8.218862164736777,8.76468598635342,8.473740547608267,11.835361484533829,11.17969478769657,1
segar (84).jpg,123.51683044433594,67.27033996582031,48.789581298828125,10.369472592824138,15.022817619789258,15.656425588320568,12.941797341489872,19.175902380517837,20.799363582085466,1
segar (85).jpg,177.8098602294922,122.61631774902344,93.83871459960938,13.470173796100903,22.807152128199615,22.966042441566287,16.479866567276943,27.453083022172905,31.49036219556533,1
segar (86).jpg,148.2017059326172,89.46665954589844,67.00308227539062,17.478304531388115,20.441352560866317,18.44621060847128,14.050987941226124,19.079112135467074,18.375134142263246,1
segar (87).jpg,159.78366088867188,91.6671142578125,66.43502807617188,9.790680937950818,11.252880331042254,6.633865297534524,7.345691884270285,10.935394750227116,5.610549298977506,1
segar (88).jpg,117.75517272949219,66.55960083007812,49.8590087890625,9.624071544261348,11.142037843741445,11.336409444600433,9.758153723547915,11.599735670579365,12.019660535376257,1
segar (89).jpg,117.3841552734375,68.51438903808594,51.54072570800781,8.306049345612482,10.049541915502534,10.171910479522813,7.236746082601562,8.969043166151398,9.469617802792934,1
segar (9).jpg,170.8890838623047,106.88389587402344,75.74604797363281,7.604350913167676,15.74392416546236,17.080792011964764,8.407151152886694,16.266617428990035,18.97530106150279,1
segar (90).jpg,111.57000732421875,50.07635498046875,36.70269775390625,5.496243399254859,5.499228572050878,3.089266803349965,4.661822348236255,5.8369400909990325,3.1324814918902955,1
segar (91).jpg,176.3800048828125,120.89839172363281,93.2449951171875,14.49485022202577,23.857783920863625,25.01995491395739,19.569738604494376,31.99888855015689,36.09870071988319,1
segar (92).jpg,164.35670471191406,101.35710144042969,84.72517395019531,6.889103868061769,15.044090958748894,12.902230280221795,4.804255389791279,11.022029044732681,9.02453338831039,1
segar (93).jpg,166.03518676757812,102.73580932617188,85.08064270019531,5.358895038346282,12.224983550872869,11.175118904132823,5.108405317273336,9.303855679989827,7.613525228185609,1
segar (94).jpg,178.97824096679688,121.71975708007812,102.250244140625,4.416904801877562,12.265865753591571,11.478463612065875,3.955821716866617,2.9550878961110136,1.631524163268854,1
segar (95).jpg,110.39131164550781,55.910980224609375,37.5203857421875,7.474284336546939,10.859833524092146,12.458737293908433,9.76586071463914,15.415066773262035,18.012264796072937,1
segar (96).jpg,118.94996643066406,58.15403747558594,36.57530212402344,4.439877052196287,6.921606045145957,7.836368211634818,6.273991272519124,10.15399548593923,11.431130691803375,1
segar (97).jpg,118.75181579589844,58.24354553222656,36.589813232421875,6.353208249750803,8.787635100896368,9.826692934680553,12.463497214526694,17.199902374942706,18.058277968678897,1
segar (98).jpg,114.97660827636719,55.072784423828125,34.77278137207031,4.537790169152566,6.529582643474275,8.763509283484746,5.700919086448136,8.19282880152101,9.441473376777111,1
segar (99).jpg,162.36459350585938,107.38166809082031,79.55812072753906,10.551459075241718,17.94783103655402,18.88255093060908,9.8363581976174,12.685489620559979,16.25698420029544,1
